game_id,period,period_seconds_remaining,home_score,away_score,event_team,shot_outcome,x,y,shot_type,is_rebound,is_rush,xG
20210693487,2,341,3,4,BOS,SHOT,-37.60425132204712,21.832092320105115,Deflected,False,True,0.041
20210701047,3,1132,2,0,LAK,GOAL,-54.20470641607986,11.370309596795815,Backhand,True,False,0.066
20210253903,2,520,0,1,LAK,MISSED_SHOT,-55.84579701129888,3.8748573425677324,Slap Shot,False,False,0.011
20210280619,3,1170,0,2,BOS,BLOCKED_SHOT,-61.03256293090798,-21.719969317995577,Tip-In,True,True,0.087
20210932274,3,757,4,4,CHI,SHOT,-48.65251833848277,5.976147942734507,Deflected,True,True,0.191
20210699391,2,548,5,5,LAK,MISSED_SHOT,-76.38719992335916,19.85974832263358,Deflected,False,True,0.127
20210608228,1,293,4,1,NYR,MISSED_SHOT,-59.09620377773514,-17.257077720642666,Backhand,True,True,0.055
20210506448,3,264,3,1,NYR,MISSED_SHOT,-45.50905688038044,24.185729465796527,Tip-In,True,False,0.03
20210863538,1,1184,5,0,TOR,MISSED_SHOT,-50.137308928905085,0.28718388308973336,Tip-In,True,True,0.104
20210270186,2,748,1,1,CHI,SHOT,-93.66121036627399,39.66557619546288,Tip-In,False,True,0.189
20210617930,2,869,1,5,LAK,GOAL,-50.80536764154118,-10.616400486038609,Backhand,True,True,0.112
20210177258,2,559,1,5,LAK,BLOCKED_SHOT,-58.27730071366308,32.04776255165318,Slap Shot,True,False,0.15
20210888167,2,682,4,1,NYR,GOAL,-70.0878564651504,-27.53821182155777,Wrist Shot,False,False,0.055
20210889199,3,153,1,2,MTL,GOAL,-56.822730882181425,6.784683022414421,Tip-In,True,True,0.094
20210152092,2,671,2,3,BOS,SHOT,-48.244708070067695,-25.138543700139223,Deflected,True,False,0.0
20210416314,2,1034,0,0,MTL,GOAL,-54.0161559845673,11.279603905910937,Snap Shot,True,False,0.006
20210696089,2,429,2,2,BOS,MISSED_SHOT,-83.39829305932543,-18.67147557805413,Tip-In,False,False,0.051
20210278339,2,1172,1,3,BOS,BLOCKED_SHOT,-41.46780915973595,3.963937069440785,Deflected,True,False,0.071
20210528567,3,304,2,3,TOR,MISSED_SHOT,-55.46167758256553,-28.537843848940774,Deflected,False,False,0.0
20210841292,2,108,5,4,TOR,MISSED_SHOT,-40.570962735364844,-17.280180847428106,Deflected,True,False,0.076
20210774217,2,695,1,0,CHI,SHOT,-62.57413921851018,-7.156930228194119,Wrist Shot,False,True,0.139
20210597899,1,19,0,5,CHI,SHOT,-38.66783239999576,24.452591011585923,Deflected,False,False,0.089
20210907188,2,270,2,3,MTL,MISSED_SHOT,-48.76100664145663,1.548277704483709,Backhand,True,True,0.01
20210699077,1,138,5,3,LAK,BLOCKED_SHOT,-75.05439017239043,4.749729945258419,Slap Shot,False,True,0.0
20210113775,3,294,3,4,MTL,MISSED_SHOT,-53.40218676693025,23.789451412658696,Tip-In,True,True,0.163
20210900459,1,850,1,5,MTL,MISSED_SHOT,-58.57087031281691,-24.68003225834792,Wrist Shot,False,True,0.109
20210918227,1,1200,1,4,BOS,SHOT,-71.41281628894663,20.503619851858833,Wrist Shot,True,True,0.0
20210222275,2,886,0,4,NYR,BLOCKED_SHOT,-47.46696647248209,-13.769897416748273,Backhand,False,False,0.066
20210800204,3,617,3,2,MTL,MISSED_SHOT,-81.59439069187417,-43.82571447842966,Backhand,True,True,0.048
20210605457,2,1142,2,5,TOR,MISSED_SHOT,-32.41749264184615,-0.46675411313777604,Snap Shot,True,True,0.129
20210779284,2,728,0,3,LAK,SHOT,-73.72013464691764,6.0623406540922895,Wrist Shot,False,False,0.007
20210418813,3,428,2,3,TOR,MISSED_SHOT,-64.41252512723842,-2.2738149840423993,Slap Shot,True,True,0.167
20210931393,2,709,2,1,LAK,SHOT,-64.13660613313316,1.3246978326520373,Snap Shot,False,False,0.036
20210690138,2,978,4,3,NYR,MISSED_SHOT,-46.969267403299725,10.223943653660733,Tip-In,False,False,0.035
20210916053,1,253,0,1,LAK,SHOT,-63.11172289646076,-37.667773190758474,Snap Shot,False,False,0.172
20210828607,3,417,2,5,MTL,SHOT,-57.26297805951491,2.250610579387794,Snap Shot,False,False,0.145
20210767459,2,1084,2,4,BOS,BLOCKED_SHOT,-53.02296636860859,22.274889768980533,Tip-In,True,False,0.043
20210234229,3,1188,3,0,TOR,BLOCKED_SHOT,-78.05074924489796,3.0061859166304132,Snap Shot,True,True,0.014
20210147091,3,1018,1,0,MTL,GOAL,-61.68567829426959,18.15986856987242,Slap Shot,True,True,0.076
20210414849,3,144,3,3,NYR,BLOCKED_SHOT,-54.66677527923196,-46.96735041254868,Snap Shot,True,True,0.096
20210726937,2,585,1,5,NYR,SHOT,-70.49824122413408,8.650415452578322,Snap Shot,False,True,0.028
20210111189,3,538,4,5,TOR,SHOT,-43.70309375855732,33.13203995823305,Snap Shot,False,False,0.128
20210420328,2,360,2,3,MTL,BLOCKED_SHOT,-94.64746429379187,8.185823384510106,Wrist Shot,True,True,0.11
20210677086,1,831,2,4,NYR,GOAL,-48.76945010844432,-22.495141178753144,Tip-In,False,False,0.034
20210747618,1,531,2,4,MTL,MISSED_SHOT,-66.52095372059286,51.85160797854736,Slap Shot,False,False,0.04
20210636613,1,551,0,4,NYR,SHOT,-58.10526342709159,-28.11503207165158,Slap Shot,False,True,0.1
20210934630,1,1102,2,4,BOS,SHOT,-51.10052512341049,12.316927781489884,Deflected,True,True,0.112
20210875633,3,142,1,4,NYR,SHOT,-68.16033575679648,-9.682141795923718,Snap Shot,True,False,0.102
20210307591,1,458,0,3,BOS,BLOCKED_SHOT,-83.2684053698453,3.9442866051780854,Slap Shot,True,False,0.079
20210275671,3,937,4,2,NYR,GOAL,-87.1316115943627,-12.302053114266103,Deflected,True,True,0.074
20210684744,2,972,4,0,LAK,GOAL,-88.48018031568677,-50.431466909090574,Slap Shot,False,True,0.103
20210858142,3,149,4,4,CHI,MISSED_SHOT,-55.34848383206305,-12.017729666158612,Backhand,False,True,0.113
20210162419,3,917,4,3,BOS,GOAL,-49.78216994427009,3.8853720206567726,Snap Shot,False,False,0.105
20210388688,2,894,1,3,CHI,MISSED_SHOT,-68.72513486008765,11.253639911065727,Backhand,False,True,0.06
20210220756,2,780,5,1,CHI,BLOCKED_SHOT,-39.57518499303236,-11.385055647394179,Wrist Shot,True,True,0.098
20210983331,1,1154,3,4,TOR,GOAL,-49.803441701568765,34.365599802913856,Backhand,True,False,0.166
20210926279,3,329,1,1,LAK,GOAL,-73.6778534380628,-13.424783383543271,Deflected,False,False,0.047
20210385616,2,187,4,0,BOS,MISSED_SHOT,-50.93365805265289,17.32966177485966,Snap Shot,False,False,0.0
20210386037,1,345,0,0,CHI,BLOCKED_SHOT,-37.9143709957073,-55.0544047262315,Slap Shot,False,True,0.012
20210863638,2,964,1,0,NYR,BLOCKED_SHOT,-71.14489956919621,6.955946618782788,Slap Shot,False,False,0.0
20210450552,3,807,4,4,TOR,MISSED_SHOT,-67.44821927528078,-8.437538881969557,Snap Shot,True,False,0.103
20210879334,2,1078,1,2,NYR,MISSED_SHOT,-82.83939175472369,-38.1552650818731,Wrist Shot,False,False,0.16
20210977311,1,1180,3,4,MTL,MISSED_SHOT,-45.72422044014395,-12.843310651015042,Snap Shot,False,False,0.101
20210631013,3,1054,4,0,LAK,BLOCKED_SHOT,-65.86845093209794,4.244090460684305,Slap Shot,False,True,0.044
20210461405,2,881,2,4,TOR,GOAL,-61.634533479919625,4.811363347528977,Backhand,True,False,0.088
20210527907,3,121,1,5,BOS,MISSED_SHOT,-52.12656893664551,-13.698250151176216,Deflected,True,False,0.042
20210295144,3,999,3,3,BOS,MISSED_SHOT,-54.375058441335824,36.96236803323231,Wrist Shot,True,False,0.084
20210209878,3,206,0,3,CHI,BLOCKED_SHOT,-81.13037037498691,-5.457314873724889,Wrist Shot,True,False,0.009
20210912334,3,177,5,0,MTL,GOAL,-62.521721252612714,-10.791682402114303,Slap Shot,True,True,0.223
20210273998,2,256,4,2,NYR,GOAL,-77.90397724909688,-26.27456041752572,Slap Shot,True,True,0.188
20210869144,3,754,1,4,NYR,BLOCKED_SHOT,-69.11129378455811,-11.819382504588791,Wrist Shot,True,False,0.115
20210155058,1,666,1,1,CHI,GOAL,-68.73012826813526,-2.937598239334168,Wrist Shot,False,False,0.05
20210155088,1,454,1,5,CHI,MISSED_SHOT,-73.62238979826344,-20.647275421261764,Deflected,True,False,0.111
20210910299,1,657,2,5,BOS,BLOCKED_SHOT,-62.68998606625943,-3.9237413558509635,Slap Shot,False,True,0.024
20210698441,1,955,0,5,MTL,GOAL,-66.8604005214,14.256632596476916,Backhand,True,True,0.087
20210746830,2,99,3,0,TOR,GOAL,-42.40105283173466,55.04598531177372,Tip-In,True,True,0.091
20210623631,3,1130,1,4,TOR,SHOT,-63.69290486380305,21.396406202683707,Tip-In,True,True,0.095
20210988746,2,919,1,4,LAK,BLOCKED_SHOT,-24.42665772765293,-9.387938876906338,Deflected,True,True,0.23
20210691305,3,1053,1,1,NYR,GOAL,-62.278238614683666,11.562038244129113,Wrist Shot,True,True,0.145
20210755742,3,52,0,0,MTL,GOAL,-74.96545248697231,13.410682507686449,Backhand,True,True,0.053
20210231707,3,587,4,1,CHI,GOAL,-45.07174309242238,15.826736066941274,Slap Shot,False,False,0.01
20210238992,1,943,5,3,LAK,MISSED_SHOT,-75.39662216238297,-2.6285380891282415,Backhand,False,True,0.055
20210943482,3,307,5,2,BOS,SHOT,-67.34438589890422,9.800536775247519,Deflected,True,False,0.014
20210336176,2,915,2,2,LAK,SHOT,-74.65988461378176,13.511884271091606,Slap Shot,False,False,0.076
20210583700,2,156,3,3,TOR,SHOT,-44.06981928637819,8.16399036933234,Backhand,False,False,0.072
20210155615,3,9,2,5,BOS,GOAL,-52.133283946040834,42.062101406475975,Wrist Shot,True,False,0.021
20210714291,3,494,0,5,MTL,BLOCKED_SHOT,-18.3868097266121,24.478124989273553,Snap Shot,True,False,0.145
20210777996,1,679,1,1,LAK,SHOT,-57.45066080859865,-4.0511523677723495,Wrist Shot,False,True,0.146
20210931116,1,572,1,0,TOR,MISSED_SHOT,-55.620830358733215,24.954201749686913,Deflected,True,True,0.053
20210147900,3,562,2,4,MTL,BLOCKED_SHOT,-64.9610242837564,29.18595836481981,Wrist Shot,False,False,0.126
20210540408,3,707,0,3,CHI,BLOCKED_SHOT,-70.6706539100722,1.2892886145243063,Snap Shot,True,True,0.088
20210696198,3,1058,3,5,LAK,MISSED_SHOT,-39.390140185896776,-1.1011130373448157,Slap Shot,True,True,0.117
20210450458,3,915,2,2,MTL,SHOT,-64.91869416875106,-13.422563698536978,Snap Shot,True,True,0.124
20210900146,1,937,4,2,MTL,BLOCKED_SHOT,-51.32380116553387,-10.647726729293902,Tip-In,False,False,0.0
20210887031,1,1021,3,1,TOR,MISSED_SHOT,-64.9436000876886,-30.443239579708184,Snap Shot,False,True,0.082
20210496716,3,222,2,2,BOS,BLOCKED_SHOT,-62.90809570916564,-32.04694141721155,Backhand,False,False,0.033
20210554903,3,592,3,4,BOS,MISSED_SHOT,-70.7737574299001,1.4068860648848576,Wrist Shot,False,False,0.106
20210588042,3,1059,2,1,BOS,GOAL,-48.976175391923206,19.396504497320517,Backhand,True,True,0.078
20210766220,3,322,2,1,LAK,MISSED_SHOT,-61.02194443322496,-5.766479151697035,Snap Shot,False,False,0.103
20210885084,2,538,1,1,BOS,GOAL,-48.35411213628061,-4.582057111676813,Snap Shot,False,True,0.0
20210149927,3,1006,0,2,NYR,SHOT,-41.241892234986366,35.3730524142982,Backhand,False,False,0.032
20210283625,2,944,3,1,NYR,MISSED_SHOT,-56.074372344433044,-7.94286328616897,Slap Shot,False,True,0.146
20210187671,1,957,4,1,LAK,GOAL,-52.84080446417062,36.375191086860596,Slap Shot,True,False,0.121
20210835304,2,620,3,3,NYR,GOAL,-89.96394083093193,-28.241395440887644,Wrist Shot,False,True,0.106
20210411640,1,785,3,3,BOS,SHOT,-78.21575131970481,24.644301906741553,Tip-In,True,False,0.052
20210808712,1,484,5,1,TOR,MISSED_SHOT,-50.40466041235367,20.518345709473994,Deflected,True,False,0.053
20210970116,3,397,2,3,MTL,SHOT,-73.56548339132956,-6.239650361086016,Snap Shot,False,False,0.115
20210334088,2,629,2,0,MTL,SHOT,-38.13486433544114,-23.895095292904625,Slap Shot,True,False,0.032
20210634760,2,388,3,3,BOS,GOAL,-46.27931481845942,11.494608410195664,Deflected,False,True,0.061
20210327455,2,561,5,2,LAK,GOAL,-77.77831535015765,-12.376285313025324,Slap Shot,False,True,0.11
20210498227,2,534,2,3,LAK,GOAL,-74.18273268185251,20.470795995704055,Slap Shot,False,False,0.116
20210503203,3,374,0,1,LAK,GOAL,-62.702934929184025,15.147709907890698,Backhand,False,False,0.118
20210450861,2,257,2,4,CHI,GOAL,-69.1714473317846,-3.4738955896453367,Wrist Shot,True,False,0.0
20210228488,2,1183,1,0,TOR,GOAL,-55.881114404099264,-24.75883195093889,Deflected,True,False,0.0
20210971830,2,244,5,0,BOS,SHOT,-56.84299637665947,6.316962171354602,Tip-In,False,True,0.052
20210492237,1,327,3,0,LAK,SHOT,-31.14382105035313,14.032606981407817,Slap Shot,True,True,0.001
20210281986,3,1021,3,1,TOR,MISSED_SHOT,-62.48582377202775,-37.16600821963947,Tip-In,False,False,0.0
20210604109,1,718,5,4,CHI,GOAL,-41.83959823691525,-10.855226418601715,Backhand,True,False,0.052
20210700256,2,494,5,1,TOR,MISSED_SHOT,-34.72621882891982,-4.261423673474314,Tip-In,True,False,0.018
20210941916,3,779,3,3,MTL,MISSED_SHOT,-50.05949347457676,7.240968277614607,Slap Shot,True,True,0.065
20210984476,2,313,2,2,NYR,BLOCKED_SHOT,-75.97852602633039,-13.16816743144287,Deflected,True,True,0.054
20210232320,3,1191,3,0,BOS,SHOT,-42.315626482835086,26.00606705017272,Tip-In,False,True,0.015
20210554139,2,1112,4,0,LAK,BLOCKED_SHOT,-64.75603083434646,-27.294202835699927,Snap Shot,True,True,0.072
20210345389,2,677,0,2,MTL,GOAL,-62.31959188115378,11.862729192086585,Snap Shot,True,True,0.017
20210662635,3,722,5,5,BOS,GOAL,-39.16265959342648,-24.61666937445508,Snap Shot,True,True,0.103
20210337063,2,462,2,0,CHI,MISSED_SHOT,-47.18165135395533,35.171493136556784,Tip-In,True,True,0.049
20210657389,3,703,3,4,NYR,BLOCKED_SHOT,-89.07153659852261,8.343460587179583,Backhand,True,False,0.0
20210302800,1,336,2,3,TOR,BLOCKED_SHOT,-58.1832057303768,17.521722290988656,Deflected,True,True,0.123
20210635389,2,54,1,1,BOS,MISSED_SHOT,-55.7149870897913,-17.955123676212363,Tip-In,True,True,0.146
20210329431,2,593,0,5,LAK,BLOCKED_SHOT,-54.23872247693772,16.801102020796236,Snap Shot,False,False,0.077
20210846787,3,597,4,5,LAK,SHOT,-56.33846985284372,-9.704406021898237,Slap Shot,True,False,0.175
20210467562,1,803,0,3,BOS,GOAL,-78.00201992897992,5.126168501281446,Deflected,True,False,0.109
20210971080,3,1099,4,1,LAK,SHOT,-57.018402405285826,-8.754561728854886,Deflected,True,True,0.146
20210106104,2,239,0,0,NYR,MISSED_SHOT,-74.09490710928387,22.838939430445446,Backhand,True,True,0.057
20210134242,2,1155,1,4,MTL,GOAL,-58.85987956534863,23.66375026141624,Deflected,True,True,0.053
20210167394,2,66,4,1,MTL,MISSED_SHOT,-93.81893238059936,-2.535881046231811,Tip-In,False,True,0.044
20210340844,3,708,3,3,NYR,BLOCKED_SHOT,-32.14395427841467,-4.496562770849197,Deflected,False,True,0.08
20210834568,3,544,4,1,MTL,GOAL,-47.748833363611645,3.3143324703497163,Backhand,False,False,0.042
20210963548,1,160,2,0,NYR,MISSED_SHOT,-46.905030056747215,18.559708772302468,Snap Shot,True,True,0.039
20210297634,2,874,2,2,BOS,SHOT,-45.64586132281541,28.606434215344194,Deflected,True,False,0.088
20210805548,3,329,3,3,NYR,BLOCKED_SHOT,-59.58064217937787,-0.23281629024827716,Slap Shot,False,False,0.09
20210698276,3,623,0,1,BOS,GOAL,-57.43253708098537,-6.493352431107566,Deflected,True,False,0.034
20210116184,2,305,1,4,MTL,GOAL,-41.60204006482599,-9.15687689820632,Snap Shot,True,True,0.069
20210237699,2,5,1,3,NYR,MISSED_SHOT,-69.69986318147144,-13.460728079589387,Tip-In,False,False,0.057
20210174521,2,259,4,2,MTL,SHOT,-44.43939443995887,5.409405008880493,Wrist Shot,True,True,0.082
20210945652,3,773,5,4,BOS,BLOCKED_SHOT,-67.50060840384683,-12.248733749848789,Snap Shot,True,False,0.087
20210816381,3,472,4,2,LAK,MISSED_SHOT,-51.70441985973608,1.2728304976563298,Snap Shot,False,False,0.035
20210327244,3,18,4,2,BOS,SHOT,-54.231869190146455,5.700199420272764,Snap Shot,True,False,0.116
20210778791,3,333,1,1,BOS,GOAL,-50.40977581529237,-10.847003231552058,Snap Shot,True,True,0.041
20210766731,2,480,2,0,MTL,MISSED_SHOT,-66.69752065534443,7.997983967773433,Wrist Shot,True,False,0.065
20210642390,2,1124,2,4,BOS,MISSED_SHOT,-65.14919133134968,1.704326163313414,Slap Shot,False,True,0.11
20210668101,2,660,2,3,TOR,SHOT,-36.41256427605073,-4.404074913763185,Slap Shot,True,True,0.161
20210962107,3,1151,5,0,BOS,MISSED_SHOT,-68.33243127964934,22.639530649294244,Tip-In,False,False,0.066
20210408306,2,28,1,5,TOR,BLOCKED_SHOT,-69.29748570539071,-1.0210641594110168,Snap Shot,False,True,0.0
20210551728,3,553,5,4,LAK,BLOCKED_SHOT,-69.31140332536395,-13.521966917977979,Wrist Shot,True,False,0.13
20210905566,1,735,5,3,LAK,SHOT,-88.10918742379421,21.732006734327122,Snap Shot,False,True,0.086
20210212645,1,37,3,5,CHI,BLOCKED_SHOT,-65.27264547696096,-32.07685267695712,Tip-In,False,True,0.05
20210397804,2,307,3,2,TOR,BLOCKED_SHOT,-42.28851541442195,33.21958534692139,Slap Shot,False,False,0.043
20210359945,3,366,0,0,CHI,MISSED_SHOT,-56.30638409740292,27.497951690582987,Snap Shot,False,True,0.134
20210877299,1,885,1,5,MTL,SHOT,-63.50527707882087,-34.37834645597932,Deflected,False,True,0.072
20210479824,2,224,5,3,TOR,BLOCKED_SHOT,-47.9267934193049,31.092687401027042,Snap Shot,False,False,0.057
20210375033,2,1082,5,1,LAK,GOAL,-84.61892922513783,17.86533263111852,Tip-In,True,True,0.045
20210715989,2,380,5,4,BOS,BLOCKED_SHOT,-60.693339078742724,-20.22378395427004,Tip-In,False,True,0.121
20210777082,2,1183,5,5,MTL,GOAL,-63.508569844637286,13.347239126176992,Slap Shot,True,True,0.053
20210331251,3,209,0,5,CHI,GOAL,-69.4491335311533,-0.5437431800906615,Backhand,True,False,0.003
20210472636,3,849,1,4,TOR,SHOT,-61.12782425592006,0.8933737331887205,Tip-In,False,True,0.093
20210554356,2,818,1,5,LAK,MISSED_SHOT,-69.79891240265692,-19.080320543322358,Snap Shot,False,False,0.076
20210229196,1,376,5,0,BOS,MISSED_SHOT,-48.86636952047338,29.395168152774914,Wrist Shot,True,False,0.154
20210246524,3,969,1,4,BOS,BLOCKED_SHOT,-66.31419624531027,-23.29924253159575,Tip-In,False,False,0.066
20210317856,1,339,1,5,BOS,BLOCKED_SHOT,-58.344691416337454,-10.878938558333306,Wrist Shot,True,False,0.112
20210867672,3,591,2,1,NYR,GOAL,-42.52317003615198,1.7770864744127821,Backhand,False,False,0.052
20210432927,3,173,1,4,BOS,SHOT,-54.8430627969784,5.810190473361244,Tip-In,False,True,0.095
20210273022,1,709,4,4,CHI,BLOCKED_SHOT,-43.291047464569516,36.09571558342068,Wrist Shot,True,True,0.0
20210129272,2,590,0,1,CHI,BLOCKED_SHOT,-50.52773947496154,3.3673682646870144,Wrist Shot,True,False,0.0
20210246838,1,1067,0,2,NYR,SHOT,-38.06569245131349,7.750311155449541,Deflected,False,True,0.089
20210639368,3,517,2,3,BOS,BLOCKED_SHOT,-42.2618623893901,-29.020388737751453,Deflected,True,True,0.081
20210362242,3,1188,1,1,NYR,SHOT,-64.23582205621864,-17.409522793642076,Wrist Shot,True,True,0.144
20210340280,2,261,5,2,CHI,MISSED_SHOT,-51.509167369391086,40.08445466225072,Deflected,True,False,0.104
20210435452,3,1130,3,5,LAK,GOAL,-78.2546455536088,-16.753136553091117,Deflected,True,False,0.013
20210523281,2,550,5,1,TOR,GOAL,-49.47607118687199,2.129934229819079,Deflected,False,True,0.118
20210985841,2,620,1,0,CHI,MISSED_SHOT,-29.1872061913543,31.41806553919105,Deflected,True,False,0.2
20210849676,3,399,4,3,TOR,GOAL,-62.88398654426231,-10.924378916610504,Wrist Shot,True,False,0.052
20210549982,3,265,4,1,NYR,BLOCKED_SHOT,-76.95424557044744,-7.690982281125951,Slap Shot,True,True,0.038
20210252967,2,413,0,4,NYR,MISSED_SHOT,-55.80476208545792,25.626224866300614,Backhand,False,False,0.0
20210342626,2,697,2,4,NYR,GOAL,-64.84821992245497,-3.111979048500375,Tip-In,True,True,0.022
20210817570,3,387,2,5,TOR,MISSED_SHOT,-72.43570884010579,5.17675157044981,Tip-In,False,True,0.041
20210680184,1,1091,2,2,NYR,GOAL,-54.556355523626365,-8.256075244367462,Slap Shot,False,False,0.152
20210216039,2,126,2,0,LAK,MISSED_SHOT,-64.2630425625251,3.4210318970000375,Backhand,True,False,0.103
20210865359,3,119,2,4,TOR,MISSED_SHOT,-46.83162678918111,-2.0602561465306577,Backhand,True,False,0.042
20210541882,1,421,4,4,CHI,SHOT,-56.48103293271177,-12.339362704996102,Snap Shot,True,False,0.108
20210382657,2,531,3,4,MTL,MISSED_SHOT,-71.73183778087105,4.374200675854087,Tip-In,False,True,0.049
20210208829,1,48,1,4,TOR,BLOCKED_SHOT,-59.0425157976971,7.978986358353652,Deflected,True,False,0.0
20210987323,1,132,4,5,TOR,GOAL,-47.15824097298267,-2.6291743441279367,Wrist Shot,False,False,0.126
20210464573,2,376,0,4,BOS,MISSED_SHOT,-75.49848336637774,-73.51421081910566,Slap Shot,True,False,0.07
20210234274,2,804,4,3,TOR,GOAL,-55.08364160424294,6.722382702585751,Wrist Shot,True,False,0.142
20210362419,2,131,2,5,TOR,SHOT,-65.21938661141868,7.545111565084895,Snap Shot,False,False,0.107
20210148581,3,127,5,2,TOR,BLOCKED_SHOT,-73.9727768195238,15.42257071135342,Tip-In,True,False,0.088
20210233158,3,87,3,0,CHI,GOAL,-44.49066051812814,-45.997475842359705,Wrist Shot,True,True,0.058
20210327121,3,1167,3,1,MTL,SHOT,-73.12589387941483,10.96052157595619,Deflected,False,True,0.0
20210401509,3,733,5,2,TOR,MISSED_SHOT,-61.3873826088881,-16.893218111947053,Slap Shot,True,True,0.092
20210961886,2,1030,5,3,TOR,GOAL,-65.40198690516229,0.5164237094817059,Slap Shot,False,True,0.016
20210281003,3,128,1,0,NYR,GOAL,-62.60157052709365,-18.309649713414267,Snap Shot,False,False,0.019
20210748904,1,360,1,5,BOS,SHOT,-47.51322497720581,-13.332149025081513,Deflected,True,False,0.068
20210675468,2,751,1,2,CHI,GOAL,-37.14307195559606,21.190880634150055,Snap Shot,False,False,0.171
20210240708,2,1185,4,1,BOS,SHOT,-40.42155282914593,3.8054000368794956,Tip-In,True,True,0.106
20210280383,2,1149,4,0,NYR,SHOT,-55.19133023419296,-2.350632550001559,Slap Shot,False,False,0.0
20210711837,3,263,1,3,LAK,BLOCKED_SHOT,-65.91207406758087,10.9602612926941,Deflected,False,False,0.013
20210863451,1,266,5,1,TOR,GOAL,-73.18390909277869,-12.014156911669629,Wrist Shot,False,False,0.108
20210527798,1,1022,4,5,LAK,SHOT,-56.30982677413262,-7.8874048426561485,Wrist Shot,False,True,0.055
20210294751,1,678,5,2,NYR,GOAL,-56.127618573239324,-20.44992829044862,Snap Shot,True,False,0.145
20210985995,3,226,2,0,BOS,GOAL,-62.31029475665358,-12.026753712578042,Backhand,True,True,0.033
20210733269,1,851,2,5,BOS,SHOT,-59.36391855777704,25.146001231252384,Snap Shot,True,False,0.067
20210533893,3,1134,5,3,LAK,GOAL,-59.77396555534501,-30.43831788834651,Snap Shot,False,False,0.08
20210808155,2,184,4,5,LAK,BLOCKED_SHOT,-69.4794267125812,-18.072787767343897,Snap Shot,False,True,0.123
20210879533,1,835,2,5,BOS,SHOT,-57.42691662612973,-36.57355787773545,Wrist Shot,False,False,0.117
20210713434,1,1088,0,5,NYR,SHOT,-58.93012297378319,-14.522818538764291,Slap Shot,False,True,0.019
20210366111,2,1189,3,5,BOS,BLOCKED_SHOT,-51.92099234291893,-1.3347082281349176,Tip-In,False,False,0.106
20210121325,2,365,3,2,BOS,SHOT,-82.21224191043315,-2.7589850032564116,Wrist Shot,True,False,0.105
20210590545,2,433,1,5,LAK,SHOT,-70.1277618169706,-4.243839279183897,Backhand,True,False,0.09
20210524106,3,845,0,1,MTL,BLOCKED_SHOT,-39.31562730587975,-5.582727561337357,Deflected,True,True,0.043
20210325191,3,23,1,4,LAK,SHOT,-69.21603013768488,-33.862944305555516,Deflected,True,False,0.075
20210340206,2,235,5,0,CHI,GOAL,-57.459283016321535,11.628230934258124,Deflected,True,True,0.062
20210759613,2,34,3,1,CHI,MISSED_SHOT,-41.257957546345054,-16.843162718496814,Wrist Shot,True,True,0.119
20210289538,1,903,2,2,NYR,GOAL,-78.17209715389768,2.7285694102381015,Backhand,False,False,0.096
20210419582,1,397,0,3,NYR,SHOT,-56.7051152524004,3.07154188930543,Snap Shot,False,True,0.124
20210495839,2,293,0,3,MTL,BLOCKED_SHOT,-25.377903880534603,-6.418006487959768,Deflected,False,True,0.074
20210641086,2,164,5,2,BOS,BLOCKED_SHOT,-55.07738559936148,-10.98143531749535,Deflected,True,False,0.017
20210627480,3,631,4,5,NYR,BLOCKED_SHOT,-60.28975206739224,20.209531263414327,Slap Shot,True,False,0.006
20210631176,3,620,2,0,MTL,MISSED_SHOT,-62.398495975730455,-2.379089042135662,Wrist Shot,True,False,0.134
20210881601,1,576,2,4,MTL,SHOT,-68.20853881358174,11.330029872994764,Backhand,True,False,0.048
20210293218,1,284,0,5,TOR,GOAL,-68.27499371390348,-6.292694556200909,Wrist Shot,True,False,0.092
20210468191,2,755,1,5,TOR,GOAL,-70.39540774517796,-41.80538950978551,Slap Shot,True,True,0.019
20210631314,2,982,3,3,LAK,GOAL,-48.930339170546574,-10.466353979458052,Snap Shot,True,True,0.195
20210623921,1,1035,4,3,BOS,BLOCKED_SHOT,-36.805009746974925,-8.943291024210499,Backhand,True,False,0.0
20210125867,2,1111,1,5,TOR,MISSED_SHOT,-71.49165419644328,-23.714038787940833,Tip-In,False,False,0.056
20210624996,1,615,5,1,LAK,BLOCKED_SHOT,-52.04138197627038,-28.087376324895757,Snap Shot,True,False,0.032
20210863911,2,404,1,2,MTL,MISSED_SHOT,-51.81782718981654,5.742228595769068,Slap Shot,False,True,0.02
20210847077,3,44,4,1,BOS,SHOT,-63.737710143311475,-20.53340179543403,Deflected,False,False,0.062
20210623722,2,1195,5,1,MTL,GOAL,-96.21897667555442,38.27902858833622,Tip-In,False,True,0.058
20210793919,3,650,4,5,TOR,SHOT,-85.50102893237492,-18.008682407591646,Backhand,False,True,0.127
20210581013,1,159,1,2,NYR,BLOCKED_SHOT,-53.115395846899496,-3.824380364592116,Deflected,False,False,0.044
20210631283,1,667,5,0,LAK,SHOT,-76.05872639236168,-18.492795740740675,Snap Shot,False,False,0.0
20210392937,3,1182,4,1,TOR,GOAL,-55.76057657231231,-39.7217306710792,Snap Shot,False,False,0.036
20210496188,2,935,3,1,MTL,SHOT,-24.41881658005436,16.094909991692326,Snap Shot,True,False,0.045
20210190138,3,565,3,4,NYR,BLOCKED_SHOT,-60.10172728398021,-33.09634988454689,Tip-In,True,True,0.098
20210237685,2,898,5,0,NYR,GOAL,-59.20731475108193,11.36295630839644,Wrist Shot,True,True,0.135
20210736564,1,102,0,4,CHI,SHOT,-56.97979347491201,2.700978532684352,Wrist Shot,False,True,0.029
20210114780,1,357,5,0,LAK,BLOCKED_SHOT,-59.94529681472957,8.965805319997894,Slap Shot,False,False,0.023
20210115240,1,164,0,5,CHI,GOAL,-68.71033992538855,-19.144772434207596,Slap Shot,False,False,0.076
20210240099,1,52,5,1,LAK,GOAL,-68.97789931463262,12.405461490474144,Deflected,False,False,0.039
20210279493,2,126,2,0,MTL,MISSED_SHOT,-52.61915132877359,-27.14709934262077,Slap Shot,True,True,0.091
20210164356,1,563,5,5,CHI,MISSED_SHOT,-51.027101519292586,-22.155232795781643,Deflected,True,True,0.061
20210538164,1,457,0,1,TOR,GOAL,-36.455266032733746,-16.70441155371722,Backhand,True,False,0.183
20210476472,3,1079,0,0,LAK,GOAL,-60.6674788423087,-0.9690598139597819,Backhand,True,False,0.114
20210786020,2,728,2,4,NYR,MISSED_SHOT,-67.5825458821837,0.6625898933793274,Slap Shot,True,True,0.072
20210181256,2,530,5,1,NYR,GOAL,-74.10812173015296,-15.265713201694913,Deflected,False,False,0.028
20210338130,2,288,5,2,NYR,BLOCKED_SHOT,-52.99179361725959,24.368128704003098,Wrist Shot,False,True,0.011
20210562320,3,1043,5,5,NYR,SHOT,-110.6556740618271,15.080642069374871,Snap Shot,False,True,0.028
20210450261,1,225,5,1,BOS,BLOCKED_SHOT,-48.58562404299893,1.3603861662658414,Deflected,False,False,0.131
20210726402,3,930,2,3,NYR,GOAL,-66.27274879557301,4.576014786454193,Deflected,False,False,0.145
20210492449,3,452,0,1,BOS,SHOT,-75.97846888078955,-4.356441480286172,Snap Shot,True,True,0.097
20210584156,2,470,2,0,LAK,BLOCKED_SHOT,-53.78061444100427,-9.968628130148819,Slap Shot,False,False,0.012
20210956738,3,201,0,4,LAK,GOAL,-29.80465716636012,-11.385128632093618,Deflected,True,True,0.153
20210149703,2,1083,0,0,MTL,GOAL,-46.88482798739435,-13.087828394875096,Backhand,True,True,0.0
20210205544,2,997,5,0,TOR,GOAL,-62.3037495318861,8.683813579240242,Deflected,True,True,0.153
20210293748,3,116,3,2,BOS,GOAL,-65.38345245923001,31.974752004758116,Slap Shot,False,False,0.054
20210161473,2,544,5,5,LAK,SHOT,-63.19895409922377,20.966925606866994,Wrist Shot,False,False,0.093
20210565795,2,829,4,1,NYR,GOAL,-56.56149176409462,0.8070716292890369,Backhand,False,False,0.151
20210435675,3,430,5,5,LAK,MISSED_SHOT,-63.92443758328167,21.90578614752125,Backhand,True,False,0.093
20210911559,3,390,4,0,NYR,SHOT,-49.711238145344794,-24.894806603995736,Deflected,True,False,0.104
20210260793,1,843,5,4,LAK,SHOT,-38.98172837221709,2.1787506743068077,Snap Shot,True,True,0.091
20210923553,3,1147,0,4,CHI,SHOT,-55.58888433588574,30.94915337468369,Snap Shot,False,True,0.089
20210503387,1,139,4,5,BOS,GOAL,-36.254454641803875,-24.68373318961384,Tip-In,True,True,0.072
20210981982,3,432,5,2,LAK,SHOT,-79.46195455957992,-13.394479496507394,Tip-In,False,True,0.131
20210895617,2,705,4,2,BOS,SHOT,-56.973085847108905,-30.54526978250783,Deflected,True,False,0.01
20210761120,1,236,4,2,BOS,MISSED_SHOT,-70.89372165621764,25.266058600533597,Wrist Shot,True,False,0.084
20210606959,2,163,5,1,CHI,SHOT,-76.95918358445023,-16.15852627156997,Deflected,False,True,0.141
20210252176,2,755,3,1,CHI,MISSED_SHOT,-52.325704315967606,-26.807067949297092,Slap Shot,True,True,0.092
20210283234,2,712,2,5,NYR,MISSED_SHOT,-41.333182069868954,1.8386929003449661,Slap Shot,True,False,0.052
20210812701,2,758,2,0,LAK,GOAL,-70.40931012427313,5.2788722867659565,Wrist Shot,True,False,0.117
20210729554,2,68,2,3,LAK,MISSED_SHOT,-39.724960258393395,-5.685777700906241,Deflected,True,True,0.07
20210578547,3,415,5,4,LAK,GOAL,-59.673602055512404,-18.346796833099187,Slap Shot,False,True,0.045
20210646846,3,783,1,1,CHI,MISSED_SHOT,-71.06897709369224,18.969051636862936,Snap Shot,False,True,0.091
20210882100,1,795,3,4,MTL,SHOT,-60.10734114556666,-22.637701488222856,Slap Shot,False,False,0.122
20210672189,3,1140,2,2,MTL,MISSED_SHOT,-52.16406639323772,-8.521450524388372,Backhand,True,True,0.099
20210102746,3,79,2,3,BOS,BLOCKED_SHOT,-73.90501159267309,-15.18780157703681,Deflected,True,True,0.017
20210678716,2,976,4,3,MTL,MISSED_SHOT,-60.93911767020642,-32.27736567220173,Tip-In,True,False,0.127
20210369588,3,807,0,3,MTL,BLOCKED_SHOT,-70.94646516263776,-37.546624955111525,Snap Shot,False,False,0.042
20210198739,3,702,1,4,LAK,BLOCKED_SHOT,-28.65604022027523,-10.255187547362661,Snap Shot,False,False,0.039
20210848950,2,945,1,1,LAK,SHOT,-68.27486563454525,23.24636137579604,Tip-In,True,False,0.03
20210661459,2,949,0,2,NYR,GOAL,-49.651484877045164,6.964863479919215,Tip-In,True,False,0.046
20210302695,3,172,1,0,NYR,MISSED_SHOT,-42.62789193267119,-34.63978027337395,Tip-In,False,True,0.045
20210230141,2,380,2,5,NYR,GOAL,-97.98260584006681,6.519688685742376,Backhand,True,True,0.115
20210756920,3,285,0,3,LAK,SHOT,-79.3734753465302,-8.03838091885846,Slap Shot,False,False,0.109
20210247421,2,175,0,0,TOR,GOAL,-69.33015439300569,-38.98055004919872,Wrist Shot,True,True,0.108
20210362032,2,1063,5,3,TOR,GOAL,-83.774217439538,32.583389664765306,Snap Shot,True,False,0.061
20210915076,2,298,2,3,LAK,SHOT,-94.09410529102522,-42.614633896835656,Tip-In,False,True,0.156
20210783049,3,77,3,1,CHI,BLOCKED_SHOT,-54.591443929172364,-16.139921455803524,Wrist Shot,False,True,0.056
20210332253,1,311,1,5,MTL,GOAL,-58.646620971365635,23.69642520521549,Tip-In,False,False,0.021
20210542321,2,178,0,1,TOR,MISSED_SHOT,-59.49597151554938,10.347907513762438,Snap Shot,False,False,0.052
20210490276,2,449,2,4,MTL,MISSED_SHOT,-58.954759538291285,-12.118307630771202,Snap Shot,True,False,0.11
20210821734,3,454,2,0,MTL,SHOT,-71.01116352071803,1.1451510212269824,Snap Shot,False,True,0.137
20210398526,1,489,1,1,LAK,BLOCKED_SHOT,-43.28409744058378,-19.57116243002867,Slap Shot,True,False,0.062
20210352574,2,283,0,1,TOR,MISSED_SHOT,-74.07015355511625,-5.385816014810346,Snap Shot,False,False,0.121
20210556869,1,1126,3,2,CHI,MISSED_SHOT,-67.25869563935318,-42.6850910677225,Wrist Shot,False,True,0.046
20210300493,2,735,1,0,NYR,BLOCKED_SHOT,-43.993489686659885,-37.376800194521124,Backhand,True,True,0.048
20210352269,2,398,3,3,CHI,GOAL,-57.058646864860464,16.261443627630168,Backhand,True,True,0.05
20210756063,3,1121,0,1,BOS,SHOT,-65.69093557319844,-2.609629577484314,Wrist Shot,True,True,0.104
20210662188,1,268,0,2,LAK,SHOT,-56.80185795965288,-2.074862597994094,Backhand,False,True,0.05
20210776022,1,447,5,5,LAK,SHOT,-57.71886223866807,22.341734888970205,Snap Shot,True,True,0.019
20210246971,1,752,2,1,TOR,SHOT,-64.1653560746818,2.17927114241691,Slap Shot,True,True,0.075
20210562366,3,1141,0,4,BOS,SHOT,-45.256153174420184,-2.3432083788579523,Deflected,False,True,0.102
20210820342,2,95,5,2,TOR,GOAL,-22.0970025799464,-7.0162687211396415,Snap Shot,True,True,0.147
20210303550,1,1064,1,5,NYR,MISSED_SHOT,-36.131223596901464,2.7105048595726524,Deflected,True,False,0.057
20210516722,3,355,2,3,LAK,SHOT,-65.35509565074622,5.511358937860431,Snap Shot,False,False,0.089
20210231028,1,303,1,0,MTL,GOAL,-52.14193190012287,11.845077664774655,Snap Shot,False,True,0.046
20210313928,3,180,1,2,CHI,SHOT,-37.412565458505526,17.404775235895197,Deflected,True,False,0.113
20210769729,2,21,3,3,TOR,BLOCKED_SHOT,-49.424657406148704,5.1074444220304205,Deflected,False,False,0.001
20210215024,2,254,2,3,BOS,BLOCKED_SHOT,-56.58836609660288,-13.338047225006175,Snap Shot,False,True,0.203
20210485237,1,620,4,0,TOR,BLOCKED_SHOT,-56.91334655862361,-34.27679727520691,Tip-In,True,False,0.0
20210770253,2,1171,0,4,CHI,MISSED_SHOT,-84.74448892210046,11.414869731652178,Backhand,False,False,0.091
20210466983,3,54,5,2,BOS,GOAL,-50.13735105480901,5.821611923562377,Wrist Shot,False,False,0.044
20210952967,2,1158,1,3,BOS,MISSED_SHOT,-69.16001623378439,5.394596525477411,Wrist Shot,False,False,0.069
20210675565,1,142,2,0,CHI,GOAL,-81.5179692932766,1.4024159839335004,Backhand,True,False,0.093
20210935846,2,523,0,3,LAK,SHOT,-74.89087559699941,7.258387433092459,Snap Shot,False,False,0.057
20210842740,1,356,2,4,LAK,SHOT,-60.99435633630279,14.107602614429835,Slap Shot,True,True,0.16
20210321734,1,97,5,2,BOS,MISSED_SHOT,-41.09603866170053,6.487348045842541,Wrist Shot,True,True,0.063
20210227445,2,92,2,1,CHI,SHOT,-63.869000061758534,38.72659651863116,Backhand,True,False,0.023
20210524541,1,470,5,0,LAK,SHOT,-56.67186795545904,-6.862222567497508,Backhand,True,True,0.06
20210818616,2,1106,5,1,TOR,SHOT,-69.42516967039657,17.19959311053309,Backhand,False,True,0.06
20210235306,3,238,5,0,BOS,BLOCKED_SHOT,-60.08240943627991,15.813522827575241,Deflected,False,False,0.078
20210525815,2,532,1,3,LAK,SHOT,-46.72846875033048,1.8787813444276291,Backhand,False,False,0.074
20210820125,3,254,3,3,MTL,SHOT,-29.056198337128944,4.246195386706438,Snap Shot,False,True,0.069
20210697102,2,691,3,1,LAK,MISSED_SHOT,-75.25680080343682,-19.516697750670556,Wrist Shot,True,False,0.169
20210847558,1,292,4,2,TOR,GOAL,-78.02398411332977,-13.819873425003353,Snap Shot,True,True,0.124
20210824540,2,1128,4,5,LAK,MISSED_SHOT,-81.83470086962602,29.603902222693716,Snap Shot,False,True,0.077
20210700636,1,1005,0,0,TOR,GOAL,-46.94793944011738,-27.609347007507807,Tip-In,True,False,0.11
20210973795,1,137,2,5,TOR,BLOCKED_SHOT,-82.73904168067372,32.20970943377756,Slap Shot,False,False,0.02
20210655537,2,595,2,2,CHI,MISSED_SHOT,-63.43704697980995,11.684938390734544,Deflected,True,True,0.091
20210294831,3,1140,1,4,CHI,MISSED_SHOT,-74.12583449390188,10.25668261986566,Snap Shot,False,True,0.01
20210579237,3,1079,0,0,CHI,MISSED_SHOT,-46.37379389548503,-16.590333940423633,Wrist Shot,True,True,0.121
20210381460,1,44,2,3,CHI,MISSED_SHOT,-67.99009584738681,-2.58411375256119,Tip-In,False,False,0.0
20210306105,3,1115,1,3,BOS,BLOCKED_SHOT,-55.917807575288464,-23.4531597470821,Wrist Shot,True,True,0.067
20210193763,1,195,5,1,CHI,MISSED_SHOT,-53.05703391681691,23.66966017250848,Wrist Shot,False,False,0.024
20210842503,1,581,1,1,LAK,MISSED_SHOT,-67.79657392411954,-10.01363391797626,Tip-In,False,False,0.049
20210661057,1,846,4,0,CHI,MISSED_SHOT,-62.03360553944904,-11.523567180279478,Snap Shot,True,True,0.011
20210419292,1,872,4,1,BOS,GOAL,-56.943652661872655,0.9076758623560605,Deflected,False,True,0.031
20210778807,3,953,2,3,LAK,SHOT,-67.1479414768152,-6.886438331815014,Backhand,False,False,0.108
20210280129,1,501,5,0,CHI,BLOCKED_SHOT,-69.1002869274028,7.0080799540858685,Tip-In,True,False,0.072
20210110866,1,240,3,3,LAK,MISSED_SHOT,-42.00725335756005,10.914294246015064,Wrist Shot,False,False,0.119
20210324072,1,886,3,0,NYR,GOAL,-54.87851410318489,4.883473692019808,Tip-In,False,True,0.073
20210707736,2,14,5,2,LAK,GOAL,-64.65783674240605,-5.475772093072955,Slap Shot,False,True,0.037
20210932885,2,152,2,2,CHI,SHOT,-58.83549244122198,16.344643056866346,Snap Shot,False,True,0.11
20210544736,2,500,1,3,LAK,MISSED_SHOT,-67.83589315593518,10.679825853344699,Wrist Shot,True,False,0.077
20210115017,3,861,2,5,LAK,GOAL,-65.53051976079483,-43.038238399142244,Backhand,True,False,0.1
20210572751,1,1196,2,2,TOR,SHOT,-59.18223923235439,-1.4449250252952544,Slap Shot,False,False,0.096
20210992868,2,714,3,4,BOS,GOAL,-53.96540619912191,-18.549003500215843,Slap Shot,False,True,0.034
20210116319,2,932,3,5,NYR,GOAL,-55.80963514924363,2.072970809935369,Deflected,False,True,0.168
20210210863,1,252,4,1,NYR,MISSED_SHOT,-58.90366621927783,3.8341563814027504,Tip-In,True,False,0.093
20210754317,2,48,3,3,MTL,SHOT,-61.79983654050495,-0.8729270953557973,Wrist Shot,True,False,0.075
20210172865,1,106,2,5,MTL,SHOT,-69.27224980280847,-3.7484105829287824,Slap Shot,True,True,0.0
20210927076,2,169,0,0,TOR,SHOT,-47.3469980999412,-42.19960269290372,Wrist Shot,False,True,0.207
20210446438,3,131,4,0,CHI,BLOCKED_SHOT,-70.2797575525989,-18.57619988562816,Snap Shot,True,True,0.053
20210372681,2,175,0,1,CHI,GOAL,-69.17917368681054,-10.880815669647559,Backhand,True,False,0.02
20210138078,3,141,0,2,MTL,GOAL,-54.71282403605298,9.179383175048049,Slap Shot,False,True,0.015
20210592012,1,966,4,0,CHI,BLOCKED_SHOT,-39.00191322529658,22.82841965671427,Deflected,False,False,0.023
20210694378,2,785,5,2,TOR,MISSED_SHOT,-58.46083504082146,16.029818036065343,Backhand,True,True,0.085
20210825967,1,1162,2,1,LAK,BLOCKED_SHOT,-73.54843857605294,35.70791010281291,Slap Shot,False,False,0.011
20210738392,2,484,4,5,MTL,GOAL,-58.036285295109,-6.365634262071284,Deflected,True,True,0.175
20210305052,1,257,0,5,BOS,BLOCKED_SHOT,-76.59907345930071,13.611702474957507,Slap Shot,False,False,0.054
20210717751,3,906,2,3,CHI,BLOCKED_SHOT,-69.08753615213848,24.86114470972781,Snap Shot,True,True,0.061
20210758654,3,603,1,1,NYR,GOAL,-49.84971841096062,-6.055006151232771,Backhand,True,False,0.037
20210230482,1,1058,5,3,TOR,MISSED_SHOT,-51.821326663239574,15.362842408159372,Tip-In,True,False,0.049
20210658445,2,232,1,5,CHI,MISSED_SHOT,-67.14685038530426,13.247495707178704,Deflected,False,True,0.062
20210792494,2,478,2,1,MTL,GOAL,-59.22881214042886,25.458301186327645,Tip-In,False,True,0.153
20210865274,1,601,4,2,LAK,GOAL,-72.9932215746431,10.181032467852392,Backhand,True,False,0.068
20210637189,2,563,5,3,LAK,SHOT,-10.584983668267334,-44.918862509593566,Wrist Shot,True,True,0.059
20210985789,3,986,1,2,BOS,MISSED_SHOT,-80.73190328616178,1.387788377273103,Tip-In,True,False,0.074
20210718414,3,1045,2,3,NYR,GOAL,-61.186877509069724,-18.906663575106858,Wrist Shot,True,False,0.0
20210489207,2,596,3,2,BOS,GOAL,-81.79503631633023,-0.5547274582519749,Wrist Shot,False,False,0.015
20210329626,2,488,1,1,BOS,BLOCKED_SHOT,-80.22167625478207,-26.23061892264559,Deflected,True,False,0.046
20210973955,3,43,4,5,TOR,GOAL,-75.81966615252927,-9.52425380476726,Backhand,False,True,0.15
20210322642,3,994,0,5,MTL,MISSED_SHOT,-51.51638332090473,-2.9641681949555347,Slap Shot,True,False,0.1
20210644125,2,229,2,3,TOR,MISSED_SHOT,-38.627479255878995,-37.45298932501848,Backhand,False,True,0.092
20210827778,3,895,0,2,CHI,GOAL,-67.60630430767552,29.27294238289568,Deflected,False,False,0.134
20210151454,2,132,2,2,NYR,BLOCKED_SHOT,-60.51051255691695,-14.161046879856197,Snap Shot,True,True,0.014
20210811637,1,4,0,1,TOR,SHOT,-48.58527351983553,17.198996012297222,Deflected,False,True,0.021
20210479983,3,289,2,5,TOR,BLOCKED_SHOT,-55.60427807621855,23.228266254398115,Slap Shot,True,True,0.067
20210296598,3,818,0,1,CHI,MISSED_SHOT,-69.24876315065207,16.08453756119704,Deflected,True,False,0.038
20210256399,2,1195,4,0,MTL,GOAL,-60.44271658002335,-9.651388725757776,Wrist Shot,False,False,0.082
20210472332,2,1081,5,3,LAK,MISSED_SHOT,-53.13895610851974,-26.2880543711176,Tip-In,True,False,0.054
20210272932,1,658,0,2,NYR,SHOT,-50.540419645102624,-10.257220315598548,Wrist Shot,False,False,0.009
20210533759,2,417,3,0,MTL,GOAL,-56.578895533456645,16.728310235910516,Wrist Shot,False,True,0.076
20210991365,1,149,2,5,TOR,GOAL,-57.876908701211846,-9.894112082280778,Snap Shot,False,False,0.004
20210819440,3,840,3,2,TOR,GOAL,-37.46938058591313,3.834456887222415,Tip-In,True,True,0.042
20210619157,1,1178,0,4,CHI,BLOCKED_SHOT,-55.57807310347774,8.06796084970104,Tip-In,True,True,0.0
20210535003,1,172,2,4,LAK,GOAL,-81.75960395242616,46.277078317620024,Backhand,False,False,0.016
20210586633,2,482,2,2,CHI,SHOT,-54.52834869580259,27.322745465605465,Wrist Shot,False,True,0.059
20210255024,1,128,4,3,TOR,GOAL,-67.45538799470232,4.745461839785124,Snap Shot,False,True,0.007
20210214449,2,12,4,3,TOR,GOAL,-60.793031576661754,33.3396385629475,Deflected,True,False,0.0
20210569534,3,664,4,4,MTL,MISSED_SHOT,-58.82957928540033,3.5588644592861303,Slap Shot,True,False,0.0
20210397863,1,623,4,3,MTL,BLOCKED_SHOT,-52.56648506126096,-7.015367042351025,Snap Shot,False,False,0.054
20210201876,3,916,4,4,BOS,GOAL,-70.93318889362058,0.7414481105915085,Slap Shot,False,False,0.028
20210665280,2,825,2,4,CHI,MISSED_SHOT,-47.12520158526756,6.971787476523895,Snap Shot,False,True,0.107
20210117734,3,529,3,0,TOR,BLOCKED_SHOT,-70.01340282827778,20.16737885704837,Slap Shot,False,False,0.104
20210924670,1,183,1,1,CHI,MISSED_SHOT,-55.47686107845334,12.70191781346292,Deflected,False,True,0.128
20210659092,1,461,2,2,NYR,MISSED_SHOT,-65.7171370154287,-19.756148146447934,Backhand,True,True,0.021
20210295209,1,407,0,0,BOS,MISSED_SHOT,-84.49867332677705,-14.729578648628447,Tip-In,True,False,0.09
20210962342,2,481,5,1,BOS,BLOCKED_SHOT,-43.65273285412465,40.100846606604755,Backhand,True,False,0.077
20210902680,1,1089,3,3,TOR,BLOCKED_SHOT,-48.984094145053106,14.560306276778089,Deflected,False,False,0.049
20210595066,2,149,2,0,LAK,MISSED_SHOT,-68.81546517742622,14.861502559448812,Wrist Shot,True,True,0.04
20210421327,3,647,2,0,TOR,SHOT,-43.7416783625613,-50.02888521492907,Wrist Shot,True,False,0.001
20210135297,2,94,5,3,NYR,GOAL,-78.30778212505703,18.416080689670057,Deflected,False,True,0.042
20210892522,2,584,1,5,LAK,BLOCKED_SHOT,-42.522130369153345,-11.193427090578751,Deflected,False,True,0.091
20210380272,3,1187,5,1,NYR,SHOT,-63.7706045886709,24.785763839483455,Tip-In,True,True,0.094
20210101196,2,167,3,0,BOS,GOAL,-37.11468630799345,13.476250593472548,Backhand,True,False,0.098
20210564132,2,815,5,4,CHI,MISSED_SHOT,-75.87723697118032,-22.0101374279471,Tip-In,True,False,0.118
20210425189,2,209,2,2,TOR,BLOCKED_SHOT,-47.85337418785648,-30.055877238270078,Snap Shot,True,True,0.085
20210776988,1,739,5,5,BOS,GOAL,-72.98207163054056,14.026311490436205,Wrist Shot,False,False,0.0
20210764475,2,1045,1,2,LAK,GOAL,-74.44390935937308,-17.378402321076244,Backhand,True,True,0.102
20210180321,1,258,0,3,BOS,MISSED_SHOT,-53.864488771494536,7.259924578001361,Deflected,False,True,0.002
20210243123,3,742,2,4,TOR,MISSED_SHOT,-55.702774711402085,12.40445178544813,Backhand,False,False,0.113
20210476661,3,444,5,2,LAK,BLOCKED_SHOT,-31.645187846263337,38.611709618945376,Slap Shot,True,True,0.044
20210371680,3,1158,0,5,NYR,MISSED_SHOT,-54.15859629316018,-2.8087019038567247,Tip-In,True,False,0.005
20210911883,3,342,3,1,MTL,BLOCKED_SHOT,-74.14776108070754,10.253229788714204,Tip-In,True,False,0.043
20210312971,3,21,2,4,NYR,GOAL,-72.79591535529786,-47.922667081566594,Backhand,False,False,0.084
20210463966,3,401,3,1,BOS,SHOT,-73.31241911863214,17.26047831275406,Deflected,False,True,0.041
20210754708,1,149,2,1,CHI,BLOCKED_SHOT,-82.57212717318723,26.92844119450319,Deflected,False,False,0.0
20210497585,2,787,2,3,NYR,SHOT,-47.97015421264807,2.637738907892917,Tip-In,True,False,0.041
20210584356,2,685,4,2,NYR,SHOT,-56.49438188812876,27.531682184989727,Snap Shot,False,False,0.0
20210700957,2,640,3,4,LAK,SHOT,-62.37532214260029,21.53805659303221,Wrist Shot,False,False,0.0
20210525767,1,759,0,2,MTL,SHOT,-58.94947676592866,-17.729091791525246,Slap Shot,True,True,0.095
20210989510,1,525,5,3,BOS,SHOT,-62.45488673859233,-25.797493509272975,Tip-In,True,False,0.0
20210266448,3,1125,1,0,NYR,GOAL,-44.116699546457085,-15.437873914676306,Tip-In,False,False,0.129
20210698296,3,372,0,5,LAK,SHOT,-71.00884033556707,-25.889909511686092,Deflected,True,True,0.004
20210553297,1,658,4,0,NYR,BLOCKED_SHOT,-61.43817574197329,-11.373038801948002,Deflected,True,False,0.096
20210603185,1,364,1,4,NYR,SHOT,-58.292245668618776,11.47963113235714,Deflected,False,False,0.0
20210946746,2,165,2,5,LAK,GOAL,-75.86570560687876,-1.2509172989191333,Wrist Shot,False,True,0.008
20210468405,1,266,3,0,TOR,SHOT,-56.7521534808397,-15.251067919125472,Slap Shot,True,False,0.067
20210602341,2,576,3,1,LAK,GOAL,-62.30126314753231,5.464933582759537,Deflected,False,False,0.039
20210304432,3,677,2,0,MTL,BLOCKED_SHOT,-44.83503367388684,47.0352348826155,Deflected,True,True,0.078
20210716472,3,789,4,3,NYR,BLOCKED_SHOT,-70.05058371885806,-33.531540951218,Slap Shot,False,False,0.027
20210928017,1,211,5,3,NYR,SHOT,-66.28832532178855,28.052809194983862,Tip-In,True,False,0.081
20210439070,2,1141,4,2,MTL,GOAL,-30.91410997075591,21.267263148455683,Tip-In,True,False,0.039
20210449044,1,270,3,4,TOR,GOAL,-53.34746887650324,21.074939221961095,Wrist Shot,False,False,0.06
20210910576,1,699,1,1,MTL,SHOT,-69.32385727916302,-7.325292224338183,Snap Shot,False,True,0.033
20210479876,1,693,3,2,MTL,GOAL,-55.51723864786138,-17.12945351838163,Backhand,True,False,0.076
20210368633,1,601,1,3,CHI,SHOT,-45.850256078887384,-33.64482297404193,Snap Shot,True,True,0.023
20210727017,1,611,4,0,BOS,BLOCKED_SHOT,-74.91169443185264,-18.41306680869242,Snap Shot,False,False,0.0
20210736885,3,292,3,2,TOR,GOAL,-55.06349110383839,7.431140672344973,Slap Shot,True,True,0.004
20210275216,3,771,0,2,MTL,MISSED_SHOT,-50.52395947676571,17.69426012780024,Snap Shot,True,True,0.078
20210954378,3,787,1,0,NYR,MISSED_SHOT,-51.091140035434535,19.192769221891787,Deflected,True,False,0.111
20210664758,1,159,5,4,BOS,SHOT,-93.08772199520155,11.181754297043266,Slap Shot,False,False,0.201
20210152884,3,331,1,5,TOR,MISSED_SHOT,-61.838891524704124,10.654406603348814,Snap Shot,True,False,0.159
20210107063,2,520,4,3,CHI,GOAL,-65.17109060945909,37.79083376661126,Wrist Shot,False,True,0.116
20210416275,1,854,0,3,BOS,SHOT,-55.763457539746085,12.308754310696878,Wrist Shot,False,True,0.189
20210133464,3,104,5,0,TOR,GOAL,-64.14088098934042,-12.833965318088135,Snap Shot,True,False,0.048
20210827244,2,301,4,5,NYR,BLOCKED_SHOT,-65.98269901694094,3.628473716381981,Snap Shot,False,True,0.051
20210567801,3,783,1,5,LAK,BLOCKED_SHOT,-28.263186248799762,-13.777252969993214,Tip-In,False,True,0.058
20210590483,2,189,2,1,NYR,MISSED_SHOT,-37.98739402834398,-21.931751388079782,Snap Shot,False,False,0.094
20210380061,2,490,4,5,LAK,GOAL,-47.06058200573957,6.989368631357626,Snap Shot,False,False,0.024
20210853638,2,17,5,0,LAK,SHOT,-75.98494793125765,5.423320676150382,Slap Shot,True,False,0.139
20210473115,3,885,3,1,LAK,SHOT,-85.4703100084374,-11.900050596729157,Tip-In,True,False,0.0
20210129073,3,361,3,0,MTL,SHOT,-92.28437498295013,-0.05689387329420297,Tip-In,False,True,0.163
20210254606,3,894,0,2,TOR,MISSED_SHOT,-61.86457658227667,9.637889085401387,Snap Shot,True,False,0.093
20210654453,2,213,4,5,CHI,MISSED_SHOT,-52.519415530464805,-9.235984863484845,Wrist Shot,False,False,0.085
20210958232,1,1194,0,0,MTL,MISSED_SHOT,-58.8620692666113,20.436173380728228,Slap Shot,False,True,0.084
20210975387,2,102,1,5,CHI,MISSED_SHOT,-64.80777154057836,-17.96155170774195,Deflected,True,False,0.031
20210103661,1,225,2,0,TOR,BLOCKED_SHOT,-62.15840269666627,-18.45186888523221,Slap Shot,False,True,0.0
20210702643,2,532,1,1,CHI,MISSED_SHOT,-31.68704592460132,-27.53878288578776,Backhand,True,False,0.055
20210490029,3,30,4,3,LAK,GOAL,-79.39125021171581,-2.9221741006992366,Backhand,True,False,0.012
20210872572,2,29,3,0,TOR,BLOCKED_SHOT,-68.94337513482212,14.491900881013764,Wrist Shot,True,True,0.038
20210225562,2,993,2,5,NYR,MISSED_SHOT,-61.11184245126702,18.27481797779973,Deflected,False,False,0.049
20210800260,3,647,5,2,NYR,MISSED_SHOT,-62.253147570483904,-28.793031294508378,Tip-In,False,False,0.0
20210745069,3,799,5,1,CHI,MISSED_SHOT,-57.61647222378976,-14.791666824404581,Wrist Shot,True,True,0.009
20210188663,3,430,1,5,TOR,BLOCKED_SHOT,-77.13892814002539,12.258058017640082,Backhand,True,False,0.1
20210917947,2,1180,1,4,MTL,BLOCKED_SHOT,-40.48411382192006,-4.228381348553814,Tip-In,False,False,0.021
20210101609,2,221,2,2,CHI,BLOCKED_SHOT,-47.97584052773978,7.786657104068526,Snap Shot,True,True,0.095
20210927144,2,49,0,3,LAK,SHOT,-70.38416986569328,-13.504259668527688,Tip-In,False,True,0.043
20210926770,1,742,2,5,BOS,GOAL,-60.014968311422706,-35.81605002212739,Tip-In,True,True,0.06
20210356561,3,674,5,0,TOR,BLOCKED_SHOT,-53.746051489355985,11.583007484618228,Backhand,False,False,0.082
20210432494,2,752,5,0,TOR,MISSED_SHOT,-65.42454437990475,-12.702217333997247,Wrist Shot,True,True,0.109
20210434390,1,937,3,3,MTL,SHOT,-86.1193641856832,-28.81161262223396,Slap Shot,True,False,0.084
20210556263,3,1149,4,2,BOS,SHOT,-47.64750241104326,-24.38339664483632,Wrist Shot,False,True,0.065
20210431743,1,1108,4,2,TOR,GOAL,-67.57363124877772,-11.73672860815509,Snap Shot,True,True,0.036
20210326549,1,492,0,1,TOR,BLOCKED_SHOT,-73.83103313695716,13.60006837086184,Deflected,False,False,0.161
20210615045,3,310,3,4,BOS,BLOCKED_SHOT,-34.89332664425191,64.62065737484573,Deflected,True,False,0.109
20210817052,2,723,5,1,MTL,BLOCKED_SHOT,-39.63718118066954,-4.31695742410469,Snap Shot,True,True,0.0
20210991193,3,944,3,1,TOR,GOAL,-53.07098709485432,45.45762302282094,Tip-In,False,False,0.001
20210940447,3,668,3,3,MTL,MISSED_SHOT,-56.72613632089293,21.847462626197427,Snap Shot,True,False,0.039
20210218163,1,451,2,2,TOR,BLOCKED_SHOT,-68.91327433466222,21.581877597702114,Tip-In,False,True,0.043
20210200124,3,775,2,3,LAK,SHOT,-59.623645766385984,12.506517777634444,Deflected,False,False,0.12
20210556000,3,554,2,2,BOS,MISSED_SHOT,-83.54812154402782,-22.051322809594804,Backhand,False,False,0.121
20210418956,3,1197,0,4,TOR,BLOCKED_SHOT,-51.54016900357544,16.80024137233305,Slap Shot,False,False,0.058
20210980054,2,1001,5,1,TOR,BLOCKED_SHOT,-69.81271631988805,12.444099488370245,Wrist Shot,False,True,0.126
20210187187,1,957,2,4,TOR,BLOCKED_SHOT,-58.07524654408398,8.585018700112212,Deflected,True,False,0.064
20210780781,2,120,0,5,TOR,GOAL,-69.33948784972537,-8.922918118879588,Wrist Shot,False,True,0.035
20210922282,3,372,2,0,LAK,MISSED_SHOT,-48.662854528038565,-8.249298702522527,Backhand,True,True,0.0
20210554903,1,1144,0,4,MTL,SHOT,-47.10872603078168,11.053838523457546,Deflected,True,True,0.041
20210411598,3,737,4,0,BOS,MISSED_SHOT,-75.5394300088754,21.763146587556403,Tip-In,False,False,0.028
